Subject,Hand,Trial,Reach Index,Duration (s),Accuracy (mm)
07/22/HW,right,/Users/yilinwu/Desktop/Yilin-Honours/Subject/Traj/2025/07/22/HW/HW_tBBT01.csv,0,0.935,
07/22/HW,right,/Users/yilinwu/Desktop/Yilin-Honours/Subject/Traj/2025/07/22/HW/HW_tBBT01.csv,1,1.06,
07/22/HW,right,/Users/yilinwu/Desktop/Yilin-Honours/Subject/Traj/2025/07/22/HW/HW_tBBT01.csv,2,1.12,
07/22/HW,right,/Users/yilinwu/Desktop/Yilin-Honours/Subject/Traj/2025/07/22/HW/HW_tBBT01.csv,3,0.77,
07/22/HW,right,/Users/yilinwu/Desktop/Yilin-Honours/Subject/Traj/2025/07/22/HW/HW_tBBT01.csv,4,0.79,
07/22/HW,right,/Users/yilinwu/Desktop/Yilin-Honours/Subject/Traj/2025/07/22/HW/HW_tBBT01.csv,5,0.805,
07/22/HW,right,/Users/yilinwu/Desktop/Yilin-Honours/Subject/Traj/2025/07/22/HW/HW_tBBT01.csv,6,0.78,
07/22/HW,right,/Users/yilinwu/Desktop/Yilin-Honours/Subject/Traj/2025/07/22/HW/HW_tBBT01.csv,7,0.88,
07/22/HW,right,/Users/yilinwu/Desktop/Yilin-Honours/Subject/Traj/2025/07/22/HW/HW_tBBT01.csv,8,0.8,
07/22/HW,right,/Users/yilinwu/Desktop/Yilin-Honours/Subject/Traj/2025/07/22/HW/HW_tBBT01.csv,9,0.865,
07/22/HW,right,/Users/yilinwu/Desktop/Yilin-Honours/Subject/Traj/2025/07/22/HW/HW_tBBT01.csv,10,0.87,
07/22/HW,right,/Users/yilinwu/Desktop/Yilin-Honours/Subject/Traj/2025/07/22/HW/HW_tBBT01.csv,11,0.89,
07/22/HW,right,/Users/yilinwu/Desktop/Yilin-Honours/Subject/Traj/2025/07/22/HW/HW_tBBT01.csv,12,0.8150000000000001,
07/22/HW,right,/Users/yilinwu/Desktop/Yilin-Honours/Subject/Traj/2025/07/22/HW/HW_tBBT01.csv,13,0.895,
07/22/HW,right,/Users/yilinwu/Desktop/Yilin-Honours/Subject/Traj/2025/07/22/HW/HW_tBBT01.csv,14,0.92,
07/22/HW,right,/Users/yilinwu/Desktop/Yilin-Honours/Subject/Traj/2025/07/22/HW/HW_tBBT01.csv,15,1.04,
07/22/HW,right,/Users/yilinwu/Desktop/Yilin-Honours/Subject/Traj/2025/07/22/HW/HW_tBBT03.csv,0,0.845,
07/22/HW,right,/Users/yilinwu/Desktop/Yilin-Honours/Subject/Traj/2025/07/22/HW/HW_tBBT03.csv,1,0.9,
07/22/HW,right,/Users/yilinwu/Desktop/Yilin-Honours/Subject/Traj/2025/07/22/HW/HW_tBBT03.csv,2,0.8,
07/22/HW,right,/Users/yilinwu/Desktop/Yilin-Honours/Subject/Traj/2025/07/22/HW/HW_tBBT03.csv,3,0.78,
07/22/HW,right,/Users/yilinwu/Desktop/Yilin-Honours/Subject/Traj/2025/07/22/HW/HW_tBBT03.csv,4,0.7000000000000001,
07/22/HW,right,/Users/yilinwu/Desktop/Yilin-Honours/Subject/Traj/2025/07/22/HW/HW_tBBT03.csv,5,0.73,
07/22/HW,right,/Users/yilinwu/Desktop/Yilin-Honours/Subject/Traj/2025/07/22/HW/HW_tBBT03.csv,6,0.73,
07/22/HW,right,/Users/yilinwu/Desktop/Yilin-Honours/Subject/Traj/2025/07/22/HW/HW_tBBT03.csv,7,0.765,
07/22/HW,right,/Users/yilinwu/Desktop/Yilin-Honours/Subject/Traj/2025/07/22/HW/HW_tBBT03.csv,8,0.875,
07/22/HW,right,/Users/yilinwu/Desktop/Yilin-Honours/Subject/Traj/2025/07/22/HW/HW_tBBT03.csv,9,0.905,
07/22/HW,right,/Users/yilinwu/Desktop/Yilin-Honours/Subject/Traj/2025/07/22/HW/HW_tBBT03.csv,10,0.85,
07/22/HW,right,/Users/yilinwu/Desktop/Yilin-Honours/Subject/Traj/2025/07/22/HW/HW_tBBT03.csv,11,0.84,
07/22/HW,right,/Users/yilinwu/Desktop/Yilin-Honours/Subject/Traj/2025/07/22/HW/HW_tBBT03.csv,12,1.115,
07/22/HW,right,/Users/yilinwu/Desktop/Yilin-Honours/Subject/Traj/2025/07/22/HW/HW_tBBT03.csv,13,0.9500000000000001,
07/22/HW,right,/Users/yilinwu/Desktop/Yilin-Honours/Subject/Traj/2025/07/22/HW/HW_tBBT03.csv,14,0.81,
07/22/HW,right,/Users/yilinwu/Desktop/Yilin-Honours/Subject/Traj/2025/07/22/HW/HW_tBBT03.csv,15,0.8200000000000001,
07/22/HW,right,/Users/yilinwu/Desktop/Yilin-Honours/Subject/Traj/2025/07/22/HW/HW_tBBT05.csv,0,0.85,
07/22/HW,right,/Users/yilinwu/Desktop/Yilin-Honours/Subject/Traj/2025/07/22/HW/HW_tBBT05.csv,1,0.76,
07/22/HW,right,/Users/yilinwu/Desktop/Yilin-Honours/Subject/Traj/2025/07/22/HW/HW_tBBT05.csv,2,0.77,
07/22/HW,right,/Users/yilinwu/Desktop/Yilin-Honours/Subject/Traj/2025/07/22/HW/HW_tBBT05.csv,3,0.855,
07/22/HW,right,/Users/yilinwu/Desktop/Yilin-Honours/Subject/Traj/2025/07/22/HW/HW_tBBT05.csv,4,0.65,
07/22/HW,right,/Users/yilinwu/Desktop/Yilin-Honours/Subject/Traj/2025/07/22/HW/HW_tBBT05.csv,5,0.78,
07/22/HW,right,/Users/yilinwu/Desktop/Yilin-Honours/Subject/Traj/2025/07/22/HW/HW_tBBT05.csv,6,0.8,
07/22/HW,right,/Users/yilinwu/Desktop/Yilin-Honours/Subject/Traj/2025/07/22/HW/HW_tBBT05.csv,7,0.895,
07/22/HW,right,/Users/yilinwu/Desktop/Yilin-Honours/Subject/Traj/2025/07/22/HW/HW_tBBT05.csv,8,0.9,
07/22/HW,right,/Users/yilinwu/Desktop/Yilin-Honours/Subject/Traj/2025/07/22/HW/HW_tBBT05.csv,9,0.8200000000000001,
07/22/HW,right,/Users/yilinwu/Desktop/Yilin-Honours/Subject/Traj/2025/07/22/HW/HW_tBBT05.csv,10,0.99,
07/22/HW,right,/Users/yilinwu/Desktop/Yilin-Honours/Subject/Traj/2025/07/22/HW/HW_tBBT05.csv,11,0.935,
07/22/HW,right,/Users/yilinwu/Desktop/Yilin-Honours/Subject/Traj/2025/07/22/HW/HW_tBBT05.csv,12,0.9500000000000001,
07/22/HW,right,/Users/yilinwu/Desktop/Yilin-Honours/Subject/Traj/2025/07/22/HW/HW_tBBT05.csv,13,0.855,
07/22/HW,right,/Users/yilinwu/Desktop/Yilin-Honours/Subject/Traj/2025/07/22/HW/HW_tBBT05.csv,14,1.02,
07/22/HW,right,/Users/yilinwu/Desktop/Yilin-Honours/Subject/Traj/2025/07/22/HW/HW_tBBT05.csv,15,0.9,
07/22/HW,right,/Users/yilinwu/Desktop/Yilin-Honours/Subject/Traj/2025/07/22/HW/HW_tBBT07.csv,0,0.75,
07/22/HW,right,/Users/yilinwu/Desktop/Yilin-Honours/Subject/Traj/2025/07/22/HW/HW_tBBT07.csv,1,0.775,
07/22/HW,right,/Users/yilinwu/Desktop/Yilin-Honours/Subject/Traj/2025/07/22/HW/HW_tBBT07.csv,2,0.755,
07/22/HW,right,/Users/yilinwu/Desktop/Yilin-Honours/Subject/Traj/2025/07/22/HW/HW_tBBT07.csv,3,0.795,
07/22/HW,right,/Users/yilinwu/Desktop/Yilin-Honours/Subject/Traj/2025/07/22/HW/HW_tBBT07.csv,4,0.735,
07/22/HW,right,/Users/yilinwu/Desktop/Yilin-Honours/Subject/Traj/2025/07/22/HW/HW_tBBT07.csv,5,0.68,
07/22/HW,right,/Users/yilinwu/Desktop/Yilin-Honours/Subject/Traj/2025/07/22/HW/HW_tBBT07.csv,6,0.89,
07/22/HW,right,/Users/yilinwu/Desktop/Yilin-Honours/Subject/Traj/2025/07/22/HW/HW_tBBT07.csv,7,0.865,
07/22/HW,right,/Users/yilinwu/Desktop/Yilin-Honours/Subject/Traj/2025/07/22/HW/HW_tBBT07.csv,8,0.89,
07/22/HW,right,/Users/yilinwu/Desktop/Yilin-Honours/Subject/Traj/2025/07/22/HW/HW_tBBT07.csv,9,0.845,
07/22/HW,right,/Users/yilinwu/Desktop/Yilin-Honours/Subject/Traj/2025/07/22/HW/HW_tBBT07.csv,10,0.86,
07/22/HW,right,/Users/yilinwu/Desktop/Yilin-Honours/Subject/Traj/2025/07/22/HW/HW_tBBT07.csv,11,0.905,
07/22/HW,right,/Users/yilinwu/Desktop/Yilin-Honours/Subject/Traj/2025/07/22/HW/HW_tBBT07.csv,12,1.06,
07/22/HW,right,/Users/yilinwu/Desktop/Yilin-Honours/Subject/Traj/2025/07/22/HW/HW_tBBT07.csv,13,1.045,
07/22/HW,right,/Users/yilinwu/Desktop/Yilin-Honours/Subject/Traj/2025/07/22/HW/HW_tBBT07.csv,14,0.905,
07/22/HW,right,/Users/yilinwu/Desktop/Yilin-Honours/Subject/Traj/2025/07/22/HW/HW_tBBT07.csv,15,0.9450000000000001,
07/22/HW,right,/Users/yilinwu/Desktop/Yilin-Honours/Subject/Traj/2025/07/22/HW/HW_tBBT09.csv,0,0.8150000000000001,
07/22/HW,right,/Users/yilinwu/Desktop/Yilin-Honours/Subject/Traj/2025/07/22/HW/HW_tBBT09.csv,1,0.7000000000000001,
07/22/HW,right,/Users/yilinwu/Desktop/Yilin-Honours/Subject/Traj/2025/07/22/HW/HW_tBBT09.csv,2,0.77,
07/22/HW,right,/Users/yilinwu/Desktop/Yilin-Honours/Subject/Traj/2025/07/22/HW/HW_tBBT09.csv,3,0.8250000000000001,
07/22/HW,right,/Users/yilinwu/Desktop/Yilin-Honours/Subject/Traj/2025/07/22/HW/HW_tBBT09.csv,4,1.025,
07/22/HW,right,/Users/yilinwu/Desktop/Yilin-Honours/Subject/Traj/2025/07/22/HW/HW_tBBT09.csv,5,0.77,
07/22/HW,right,/Users/yilinwu/Desktop/Yilin-Honours/Subject/Traj/2025/07/22/HW/HW_tBBT09.csv,6,0.785,
07/22/HW,right,/Users/yilinwu/Desktop/Yilin-Honours/Subject/Traj/2025/07/22/HW/HW_tBBT09.csv,7,0.89,
07/22/HW,right,/Users/yilinwu/Desktop/Yilin-Honours/Subject/Traj/2025/07/22/HW/HW_tBBT09.csv,8,0.93,
07/22/HW,right,/Users/yilinwu/Desktop/Yilin-Honours/Subject/Traj/2025/07/22/HW/HW_tBBT09.csv,9,0.92,
07/22/HW,right,/Users/yilinwu/Desktop/Yilin-Honours/Subject/Traj/2025/07/22/HW/HW_tBBT09.csv,10,0.9400000000000001,
07/22/HW,right,/Users/yilinwu/Desktop/Yilin-Honours/Subject/Traj/2025/07/22/HW/HW_tBBT09.csv,11,0.9550000000000001,
07/22/HW,right,/Users/yilinwu/Desktop/Yilin-Honours/Subject/Traj/2025/07/22/HW/HW_tBBT09.csv,12,1.01,
07/22/HW,right,/Users/yilinwu/Desktop/Yilin-Honours/Subject/Traj/2025/07/22/HW/HW_tBBT09.csv,13,0.865,
07/22/HW,right,/Users/yilinwu/Desktop/Yilin-Honours/Subject/Traj/2025/07/22/HW/HW_tBBT09.csv,14,0.88,
07/22/HW,right,/Users/yilinwu/Desktop/Yilin-Honours/Subject/Traj/2025/07/22/HW/HW_tBBT09.csv,15,0.8250000000000001,
07/22/HW,right,/Users/yilinwu/Desktop/Yilin-Honours/Subject/Traj/2025/07/22/HW/HW_tBBT11.csv,0,0.87,
07/22/HW,right,/Users/yilinwu/Desktop/Yilin-Honours/Subject/Traj/2025/07/22/HW/HW_tBBT11.csv,1,0.875,
07/22/HW,right,/Users/yilinwu/Desktop/Yilin-Honours/Subject/Traj/2025/07/22/HW/HW_tBBT11.csv,2,0.845,
07/22/HW,right,/Users/yilinwu/Desktop/Yilin-Honours/Subject/Traj/2025/07/22/HW/HW_tBBT11.csv,3,0.88,
07/22/HW,right,/Users/yilinwu/Desktop/Yilin-Honours/Subject/Traj/2025/07/22/HW/HW_tBBT11.csv,4,0.9,
07/22/HW,right,/Users/yilinwu/Desktop/Yilin-Honours/Subject/Traj/2025/07/22/HW/HW_tBBT11.csv,5,0.8,
07/22/HW,right,/Users/yilinwu/Desktop/Yilin-Honours/Subject/Traj/2025/07/22/HW/HW_tBBT11.csv,6,0.86,
07/22/HW,right,/Users/yilinwu/Desktop/Yilin-Honours/Subject/Traj/2025/07/22/HW/HW_tBBT11.csv,7,0.77,
07/22/HW,right,/Users/yilinwu/Desktop/Yilin-Honours/Subject/Traj/2025/07/22/HW/HW_tBBT11.csv,8,0.88,
07/22/HW,right,/Users/yilinwu/Desktop/Yilin-Honours/Subject/Traj/2025/07/22/HW/HW_tBBT11.csv,9,1.07,
07/22/HW,right,/Users/yilinwu/Desktop/Yilin-Honours/Subject/Traj/2025/07/22/HW/HW_tBBT11.csv,10,1.03,
07/22/HW,right,/Users/yilinwu/Desktop/Yilin-Honours/Subject/Traj/2025/07/22/HW/HW_tBBT11.csv,11,1.06,
07/22/HW,right,/Users/yilinwu/Desktop/Yilin-Honours/Subject/Traj/2025/07/22/HW/HW_tBBT11.csv,12,1.125,
07/22/HW,right,/Users/yilinwu/Desktop/Yilin-Honours/Subject/Traj/2025/07/22/HW/HW_tBBT11.csv,13,0.96,
07/22/HW,right,/Users/yilinwu/Desktop/Yilin-Honours/Subject/Traj/2025/07/22/HW/HW_tBBT11.csv,14,0.895,
07/22/HW,right,/Users/yilinwu/Desktop/Yilin-Honours/Subject/Traj/2025/07/22/HW/HW_tBBT11.csv,15,1.16,
07/22/HW,right,/Users/yilinwu/Desktop/Yilin-Honours/Subject/Traj/2025/07/22/HW/HW_tBBT13.csv,0,0.865,
07/22/HW,right,/Users/yilinwu/Desktop/Yilin-Honours/Subject/Traj/2025/07/22/HW/HW_tBBT13.csv,1,0.905,
07/22/HW,right,/Users/yilinwu/Desktop/Yilin-Honours/Subject/Traj/2025/07/22/HW/HW_tBBT13.csv,2,0.915,
07/22/HW,right,/Users/yilinwu/Desktop/Yilin-Honours/Subject/Traj/2025/07/22/HW/HW_tBBT13.csv,3,0.805,
07/22/HW,right,/Users/yilinwu/Desktop/Yilin-Honours/Subject/Traj/2025/07/22/HW/HW_tBBT13.csv,4,1.025,
07/22/HW,right,/Users/yilinwu/Desktop/Yilin-Honours/Subject/Traj/2025/07/22/HW/HW_tBBT13.csv,5,0.775,
07/22/HW,right,/Users/yilinwu/Desktop/Yilin-Honours/Subject/Traj/2025/07/22/HW/HW_tBBT13.csv,6,0.705,
07/22/HW,right,/Users/yilinwu/Desktop/Yilin-Honours/Subject/Traj/2025/07/22/HW/HW_tBBT13.csv,7,0.8300000000000001,
07/22/HW,right,/Users/yilinwu/Desktop/Yilin-Honours/Subject/Traj/2025/07/22/HW/HW_tBBT13.csv,8,0.84,
07/22/HW,right,/Users/yilinwu/Desktop/Yilin-Honours/Subject/Traj/2025/07/22/HW/HW_tBBT13.csv,9,0.8200000000000001,
07/22/HW,right,/Users/yilinwu/Desktop/Yilin-Honours/Subject/Traj/2025/07/22/HW/HW_tBBT13.csv,10,0.865,
07/22/HW,right,/Users/yilinwu/Desktop/Yilin-Honours/Subject/Traj/2025/07/22/HW/HW_tBBT13.csv,11,0.845,
07/22/HW,right,/Users/yilinwu/Desktop/Yilin-Honours/Subject/Traj/2025/07/22/HW/HW_tBBT13.csv,12,0.93,
07/22/HW,right,/Users/yilinwu/Desktop/Yilin-Honours/Subject/Traj/2025/07/22/HW/HW_tBBT13.csv,13,0.6900000000000001,
07/22/HW,right,/Users/yilinwu/Desktop/Yilin-Honours/Subject/Traj/2025/07/22/HW/HW_tBBT13.csv,14,0.8250000000000001,
07/22/HW,right,/Users/yilinwu/Desktop/Yilin-Honours/Subject/Traj/2025/07/22/HW/HW_tBBT13.csv,15,0.795,
07/22/HW,right,/Users/yilinwu/Desktop/Yilin-Honours/Subject/Traj/2025/07/22/HW/HW_tBBT15.csv,0,0.855,
07/22/HW,right,/Users/yilinwu/Desktop/Yilin-Honours/Subject/Traj/2025/07/22/HW/HW_tBBT15.csv,1,0.655,
07/22/HW,right,/Users/yilinwu/Desktop/Yilin-Honours/Subject/Traj/2025/07/22/HW/HW_tBBT15.csv,2,0.795,
07/22/HW,right,/Users/yilinwu/Desktop/Yilin-Honours/Subject/Traj/2025/07/22/HW/HW_tBBT15.csv,3,0.92,
07/22/HW,right,/Users/yilinwu/Desktop/Yilin-Honours/Subject/Traj/2025/07/22/HW/HW_tBBT15.csv,4,0.87,
07/22/HW,right,/Users/yilinwu/Desktop/Yilin-Honours/Subject/Traj/2025/07/22/HW/HW_tBBT15.csv,5,0.715,
07/22/HW,right,/Users/yilinwu/Desktop/Yilin-Honours/Subject/Traj/2025/07/22/HW/HW_tBBT15.csv,6,0.92,
07/22/HW,right,/Users/yilinwu/Desktop/Yilin-Honours/Subject/Traj/2025/07/22/HW/HW_tBBT15.csv,7,0.785,
07/22/HW,right,/Users/yilinwu/Desktop/Yilin-Honours/Subject/Traj/2025/07/22/HW/HW_tBBT15.csv,8,0.9,
07/22/HW,right,/Users/yilinwu/Desktop/Yilin-Honours/Subject/Traj/2025/07/22/HW/HW_tBBT15.csv,9,0.79,
07/22/HW,right,/Users/yilinwu/Desktop/Yilin-Honours/Subject/Traj/2025/07/22/HW/HW_tBBT15.csv,10,0.8150000000000001,
07/22/HW,right,/Users/yilinwu/Desktop/Yilin-Honours/Subject/Traj/2025/07/22/HW/HW_tBBT15.csv,11,1.025,
07/22/HW,right,/Users/yilinwu/Desktop/Yilin-Honours/Subject/Traj/2025/07/22/HW/HW_tBBT15.csv,12,0.975,
07/22/HW,right,/Users/yilinwu/Desktop/Yilin-Honours/Subject/Traj/2025/07/22/HW/HW_tBBT15.csv,13,0.765,
07/22/HW,right,/Users/yilinwu/Desktop/Yilin-Honours/Subject/Traj/2025/07/22/HW/HW_tBBT15.csv,14,0.9,
07/22/HW,right,/Users/yilinwu/Desktop/Yilin-Honours/Subject/Traj/2025/07/22/HW/HW_tBBT15.csv,15,0.9500000000000001,
07/22/HW,right,/Users/yilinwu/Desktop/Yilin-Honours/Subject/Traj/2025/07/22/HW/HW_tBBT17.csv,0,0.8200000000000001,
07/22/HW,right,/Users/yilinwu/Desktop/Yilin-Honours/Subject/Traj/2025/07/22/HW/HW_tBBT17.csv,1,0.745,
07/22/HW,right,/Users/yilinwu/Desktop/Yilin-Honours/Subject/Traj/2025/07/22/HW/HW_tBBT17.csv,2,0.775,
07/22/HW,right,/Users/yilinwu/Desktop/Yilin-Honours/Subject/Traj/2025/07/22/HW/HW_tBBT17.csv,3,0.895,
07/22/HW,right,/Users/yilinwu/Desktop/Yilin-Honours/Subject/Traj/2025/07/22/HW/HW_tBBT17.csv,4,0.845,
07/22/HW,right,/Users/yilinwu/Desktop/Yilin-Honours/Subject/Traj/2025/07/22/HW/HW_tBBT17.csv,5,0.79,
07/22/HW,right,/Users/yilinwu/Desktop/Yilin-Honours/Subject/Traj/2025/07/22/HW/HW_tBBT17.csv,6,0.8150000000000001,
07/22/HW,right,/Users/yilinwu/Desktop/Yilin-Honours/Subject/Traj/2025/07/22/HW/HW_tBBT17.csv,7,0.99,
07/22/HW,right,/Users/yilinwu/Desktop/Yilin-Honours/Subject/Traj/2025/07/22/HW/HW_tBBT17.csv,8,0.78,
07/22/HW,right,/Users/yilinwu/Desktop/Yilin-Honours/Subject/Traj/2025/07/22/HW/HW_tBBT17.csv,9,0.8250000000000001,
07/22/HW,right,/Users/yilinwu/Desktop/Yilin-Honours/Subject/Traj/2025/07/22/HW/HW_tBBT17.csv,10,0.87,
07/22/HW,right,/Users/yilinwu/Desktop/Yilin-Honours/Subject/Traj/2025/07/22/HW/HW_tBBT17.csv,11,0.775,
07/22/HW,right,/Users/yilinwu/Desktop/Yilin-Honours/Subject/Traj/2025/07/22/HW/HW_tBBT17.csv,12,0.795,
07/22/HW,right,/Users/yilinwu/Desktop/Yilin-Honours/Subject/Traj/2025/07/22/HW/HW_tBBT17.csv,13,0.86,
07/22/HW,right,/Users/yilinwu/Desktop/Yilin-Honours/Subject/Traj/2025/07/22/HW/HW_tBBT17.csv,14,0.925,
07/22/HW,right,/Users/yilinwu/Desktop/Yilin-Honours/Subject/Traj/2025/07/22/HW/HW_tBBT17.csv,15,0.89,
07/22/HW,right,/Users/yilinwu/Desktop/Yilin-Honours/Subject/Traj/2025/07/22/HW/HW_tBBT19.csv,0,0.67,
07/22/HW,right,/Users/yilinwu/Desktop/Yilin-Honours/Subject/Traj/2025/07/22/HW/HW_tBBT19.csv,1,0.665,
07/22/HW,right,/Users/yilinwu/Desktop/Yilin-Honours/Subject/Traj/2025/07/22/HW/HW_tBBT19.csv,2,0.8250000000000001,
07/22/HW,right,/Users/yilinwu/Desktop/Yilin-Honours/Subject/Traj/2025/07/22/HW/HW_tBBT19.csv,3,0.76,
07/22/HW,right,/Users/yilinwu/Desktop/Yilin-Honours/Subject/Traj/2025/07/22/HW/HW_tBBT19.csv,4,0.78,
07/22/HW,right,/Users/yilinwu/Desktop/Yilin-Honours/Subject/Traj/2025/07/22/HW/HW_tBBT19.csv,5,0.89,
07/22/HW,right,/Users/yilinwu/Desktop/Yilin-Honours/Subject/Traj/2025/07/22/HW/HW_tBBT19.csv,6,0.6950000000000001,
07/22/HW,right,/Users/yilinwu/Desktop/Yilin-Honours/Subject/Traj/2025/07/22/HW/HW_tBBT19.csv,7,0.885,
07/22/HW,right,/Users/yilinwu/Desktop/Yilin-Honours/Subject/Traj/2025/07/22/HW/HW_tBBT19.csv,8,0.865,
07/22/HW,right,/Users/yilinwu/Desktop/Yilin-Honours/Subject/Traj/2025/07/22/HW/HW_tBBT19.csv,9,0.735,
07/22/HW,right,/Users/yilinwu/Desktop/Yilin-Honours/Subject/Traj/2025/07/22/HW/HW_tBBT19.csv,10,0.785,
07/22/HW,right,/Users/yilinwu/Desktop/Yilin-Honours/Subject/Traj/2025/07/22/HW/HW_tBBT19.csv,11,0.855,
07/22/HW,right,/Users/yilinwu/Desktop/Yilin-Honours/Subject/Traj/2025/07/22/HW/HW_tBBT19.csv,12,0.9400000000000001,
07/22/HW,right,/Users/yilinwu/Desktop/Yilin-Honours/Subject/Traj/2025/07/22/HW/HW_tBBT19.csv,13,0.915,
07/22/HW,right,/Users/yilinwu/Desktop/Yilin-Honours/Subject/Traj/2025/07/22/HW/HW_tBBT19.csv,14,0.87,
07/22/HW,right,/Users/yilinwu/Desktop/Yilin-Honours/Subject/Traj/2025/07/22/HW/HW_tBBT19.csv,15,1.69,
07/22/HW,right,/Users/yilinwu/Desktop/Yilin-Honours/Subject/Traj/2025/07/22/HW/HW_tBBT21.csv,0,0.865,
07/22/HW,right,/Users/yilinwu/Desktop/Yilin-Honours/Subject/Traj/2025/07/22/HW/HW_tBBT21.csv,1,0.72,
07/22/HW,right,/Users/yilinwu/Desktop/Yilin-Honours/Subject/Traj/2025/07/22/HW/HW_tBBT21.csv,2,0.755,
07/22/HW,right,/Users/yilinwu/Desktop/Yilin-Honours/Subject/Traj/2025/07/22/HW/HW_tBBT21.csv,3,0.9,
07/22/HW,right,/Users/yilinwu/Desktop/Yilin-Honours/Subject/Traj/2025/07/22/HW/HW_tBBT21.csv,4,0.905,
07/22/HW,right,/Users/yilinwu/Desktop/Yilin-Honours/Subject/Traj/2025/07/22/HW/HW_tBBT21.csv,5,0.8250000000000001,
07/22/HW,right,/Users/yilinwu/Desktop/Yilin-Honours/Subject/Traj/2025/07/22/HW/HW_tBBT21.csv,6,0.905,
07/22/HW,right,/Users/yilinwu/Desktop/Yilin-Honours/Subject/Traj/2025/07/22/HW/HW_tBBT21.csv,7,0.9400000000000001,
07/22/HW,right,/Users/yilinwu/Desktop/Yilin-Honours/Subject/Traj/2025/07/22/HW/HW_tBBT21.csv,8,0.915,
07/22/HW,right,/Users/yilinwu/Desktop/Yilin-Honours/Subject/Traj/2025/07/22/HW/HW_tBBT21.csv,9,0.8,
07/22/HW,right,/Users/yilinwu/Desktop/Yilin-Honours/Subject/Traj/2025/07/22/HW/HW_tBBT21.csv,10,0.86,
07/22/HW,right,/Users/yilinwu/Desktop/Yilin-Honours/Subject/Traj/2025/07/22/HW/HW_tBBT21.csv,11,0.81,
07/22/HW,right,/Users/yilinwu/Desktop/Yilin-Honours/Subject/Traj/2025/07/22/HW/HW_tBBT21.csv,12,0.98,
07/22/HW,right,/Users/yilinwu/Desktop/Yilin-Honours/Subject/Traj/2025/07/22/HW/HW_tBBT21.csv,13,0.875,
07/22/HW,right,/Users/yilinwu/Desktop/Yilin-Honours/Subject/Traj/2025/07/22/HW/HW_tBBT21.csv,14,0.84,
07/22/HW,right,/Users/yilinwu/Desktop/Yilin-Honours/Subject/Traj/2025/07/22/HW/HW_tBBT21.csv,15,1.025,
07/22/HW,right,/Users/yilinwu/Desktop/Yilin-Honours/Subject/Traj/2025/07/22/HW/HW_tBBT23.csv,0,0.75,
07/22/HW,right,/Users/yilinwu/Desktop/Yilin-Honours/Subject/Traj/2025/07/22/HW/HW_tBBT23.csv,1,0.685,
07/22/HW,right,/Users/yilinwu/Desktop/Yilin-Honours/Subject/Traj/2025/07/22/HW/HW_tBBT23.csv,2,0.735,
07/22/HW,right,/Users/yilinwu/Desktop/Yilin-Honours/Subject/Traj/2025/07/22/HW/HW_tBBT23.csv,3,0.715,
07/22/HW,right,/Users/yilinwu/Desktop/Yilin-Honours/Subject/Traj/2025/07/22/HW/HW_tBBT23.csv,4,0.75,
07/22/HW,right,/Users/yilinwu/Desktop/Yilin-Honours/Subject/Traj/2025/07/22/HW/HW_tBBT23.csv,5,0.71,
07/22/HW,right,/Users/yilinwu/Desktop/Yilin-Honours/Subject/Traj/2025/07/22/HW/HW_tBBT23.csv,6,0.685,
07/22/HW,right,/Users/yilinwu/Desktop/Yilin-Honours/Subject/Traj/2025/07/22/HW/HW_tBBT23.csv,7,0.765,
07/22/HW,right,/Users/yilinwu/Desktop/Yilin-Honours/Subject/Traj/2025/07/22/HW/HW_tBBT23.csv,8,0.765,
07/22/HW,right,/Users/yilinwu/Desktop/Yilin-Honours/Subject/Traj/2025/07/22/HW/HW_tBBT23.csv,9,0.775,
07/22/HW,right,/Users/yilinwu/Desktop/Yilin-Honours/Subject/Traj/2025/07/22/HW/HW_tBBT23.csv,10,0.73,
07/22/HW,right,/Users/yilinwu/Desktop/Yilin-Honours/Subject/Traj/2025/07/22/HW/HW_tBBT23.csv,11,0.765,
07/22/HW,right,/Users/yilinwu/Desktop/Yilin-Honours/Subject/Traj/2025/07/22/HW/HW_tBBT23.csv,12,0.895,
07/22/HW,right,/Users/yilinwu/Desktop/Yilin-Honours/Subject/Traj/2025/07/22/HW/HW_tBBT23.csv,13,0.77,
07/22/HW,right,/Users/yilinwu/Desktop/Yilin-Honours/Subject/Traj/2025/07/22/HW/HW_tBBT23.csv,14,0.775,
07/22/HW,right,/Users/yilinwu/Desktop/Yilin-Honours/Subject/Traj/2025/07/22/HW/HW_tBBT23.csv,15,0.8,
07/22/HW,right,/Users/yilinwu/Desktop/Yilin-Honours/Subject/Traj/2025/07/22/HW/HW_tBBT25.csv,0,0.89,
07/22/HW,right,/Users/yilinwu/Desktop/Yilin-Honours/Subject/Traj/2025/07/22/HW/HW_tBBT25.csv,1,0.62,
07/22/HW,right,/Users/yilinwu/Desktop/Yilin-Honours/Subject/Traj/2025/07/22/HW/HW_tBBT25.csv,2,0.68,
07/22/HW,right,/Users/yilinwu/Desktop/Yilin-Honours/Subject/Traj/2025/07/22/HW/HW_tBBT25.csv,3,0.745,
07/22/HW,right,/Users/yilinwu/Desktop/Yilin-Honours/Subject/Traj/2025/07/22/HW/HW_tBBT25.csv,4,0.71,
07/22/HW,right,/Users/yilinwu/Desktop/Yilin-Honours/Subject/Traj/2025/07/22/HW/HW_tBBT25.csv,5,0.725,
07/22/HW,right,/Users/yilinwu/Desktop/Yilin-Honours/Subject/Traj/2025/07/22/HW/HW_tBBT25.csv,6,0.78,
07/22/HW,right,/Users/yilinwu/Desktop/Yilin-Honours/Subject/Traj/2025/07/22/HW/HW_tBBT25.csv,7,0.75,
07/22/HW,right,/Users/yilinwu/Desktop/Yilin-Honours/Subject/Traj/2025/07/22/HW/HW_tBBT25.csv,8,0.76,
07/22/HW,right,/Users/yilinwu/Desktop/Yilin-Honours/Subject/Traj/2025/07/22/HW/HW_tBBT25.csv,9,0.79,
07/22/HW,right,/Users/yilinwu/Desktop/Yilin-Honours/Subject/Traj/2025/07/22/HW/HW_tBBT25.csv,10,0.74,
07/22/HW,right,/Users/yilinwu/Desktop/Yilin-Honours/Subject/Traj/2025/07/22/HW/HW_tBBT25.csv,11,0.81,
07/22/HW,right,/Users/yilinwu/Desktop/Yilin-Honours/Subject/Traj/2025/07/22/HW/HW_tBBT25.csv,12,0.85,
07/22/HW,right,/Users/yilinwu/Desktop/Yilin-Honours/Subject/Traj/2025/07/22/HW/HW_tBBT25.csv,13,0.65,
07/22/HW,right,/Users/yilinwu/Desktop/Yilin-Honours/Subject/Traj/2025/07/22/HW/HW_tBBT25.csv,14,0.76,
07/22/HW,right,/Users/yilinwu/Desktop/Yilin-Honours/Subject/Traj/2025/07/22/HW/HW_tBBT25.csv,15,0.865,
07/22/HW,right,/Users/yilinwu/Desktop/Yilin-Honours/Subject/Traj/2025/07/22/HW/HW_tBBT27.csv,0,0.765,
07/22/HW,right,/Users/yilinwu/Desktop/Yilin-Honours/Subject/Traj/2025/07/22/HW/HW_tBBT27.csv,1,0.64,
07/22/HW,right,/Users/yilinwu/Desktop/Yilin-Honours/Subject/Traj/2025/07/22/HW/HW_tBBT27.csv,2,0.7000000000000001,
07/22/HW,right,/Users/yilinwu/Desktop/Yilin-Honours/Subject/Traj/2025/07/22/HW/HW_tBBT27.csv,3,0.745,
07/22/HW,right,/Users/yilinwu/Desktop/Yilin-Honours/Subject/Traj/2025/07/22/HW/HW_tBBT27.csv,4,0.745,
07/22/HW,right,/Users/yilinwu/Desktop/Yilin-Honours/Subject/Traj/2025/07/22/HW/HW_tBBT27.csv,5,0.725,
07/22/HW,right,/Users/yilinwu/Desktop/Yilin-Honours/Subject/Traj/2025/07/22/HW/HW_tBBT27.csv,6,0.78,
07/22/HW,right,/Users/yilinwu/Desktop/Yilin-Honours/Subject/Traj/2025/07/22/HW/HW_tBBT27.csv,7,0.79,
07/22/HW,right,/Users/yilinwu/Desktop/Yilin-Honours/Subject/Traj/2025/07/22/HW/HW_tBBT27.csv,8,0.805,
07/22/HW,right,/Users/yilinwu/Desktop/Yilin-Honours/Subject/Traj/2025/07/22/HW/HW_tBBT27.csv,9,0.8200000000000001,
07/22/HW,right,/Users/yilinwu/Desktop/Yilin-Honours/Subject/Traj/2025/07/22/HW/HW_tBBT27.csv,10,0.985,
07/22/HW,right,/Users/yilinwu/Desktop/Yilin-Honours/Subject/Traj/2025/07/22/HW/HW_tBBT27.csv,11,0.81,
07/22/HW,right,/Users/yilinwu/Desktop/Yilin-Honours/Subject/Traj/2025/07/22/HW/HW_tBBT27.csv,12,0.895,
07/22/HW,right,/Users/yilinwu/Desktop/Yilin-Honours/Subject/Traj/2025/07/22/HW/HW_tBBT27.csv,13,0.8200000000000001,
07/22/HW,right,/Users/yilinwu/Desktop/Yilin-Honours/Subject/Traj/2025/07/22/HW/HW_tBBT27.csv,14,0.975,
07/22/HW,right,/Users/yilinwu/Desktop/Yilin-Honours/Subject/Traj/2025/07/22/HW/HW_tBBT27.csv,15,0.9,
07/22/HW,right,/Users/yilinwu/Desktop/Yilin-Honours/Subject/Traj/2025/07/22/HW/HW_tBBT29.csv,0,0.665,
07/22/HW,right,/Users/yilinwu/Desktop/Yilin-Honours/Subject/Traj/2025/07/22/HW/HW_tBBT29.csv,1,0.73,
07/22/HW,right,/Users/yilinwu/Desktop/Yilin-Honours/Subject/Traj/2025/07/22/HW/HW_tBBT29.csv,2,0.795,
07/22/HW,right,/Users/yilinwu/Desktop/Yilin-Honours/Subject/Traj/2025/07/22/HW/HW_tBBT29.csv,3,0.865,
07/22/HW,right,/Users/yilinwu/Desktop/Yilin-Honours/Subject/Traj/2025/07/22/HW/HW_tBBT29.csv,4,0.725,
07/22/HW,right,/Users/yilinwu/Desktop/Yilin-Honours/Subject/Traj/2025/07/22/HW/HW_tBBT29.csv,5,0.865,
07/22/HW,right,/Users/yilinwu/Desktop/Yilin-Honours/Subject/Traj/2025/07/22/HW/HW_tBBT29.csv,6,0.835,
07/22/HW,right,/Users/yilinwu/Desktop/Yilin-Honours/Subject/Traj/2025/07/22/HW/HW_tBBT29.csv,7,0.84,
07/22/HW,right,/Users/yilinwu/Desktop/Yilin-Honours/Subject/Traj/2025/07/22/HW/HW_tBBT29.csv,8,0.79,
07/22/HW,right,/Users/yilinwu/Desktop/Yilin-Honours/Subject/Traj/2025/07/22/HW/HW_tBBT29.csv,9,0.88,
07/22/HW,right,/Users/yilinwu/Desktop/Yilin-Honours/Subject/Traj/2025/07/22/HW/HW_tBBT29.csv,10,0.765,
07/22/HW,right,/Users/yilinwu/Desktop/Yilin-Honours/Subject/Traj/2025/07/22/HW/HW_tBBT29.csv,11,0.86,
07/22/HW,right,/Users/yilinwu/Desktop/Yilin-Honours/Subject/Traj/2025/07/22/HW/HW_tBBT29.csv,12,0.89,
07/22/HW,right,/Users/yilinwu/Desktop/Yilin-Honours/Subject/Traj/2025/07/22/HW/HW_tBBT29.csv,13,0.8150000000000001,
07/22/HW,right,/Users/yilinwu/Desktop/Yilin-Honours/Subject/Traj/2025/07/22/HW/HW_tBBT29.csv,14,0.9500000000000001,
07/22/HW,right,/Users/yilinwu/Desktop/Yilin-Honours/Subject/Traj/2025/07/22/HW/HW_tBBT29.csv,15,0.84,
07/22/HW,right,/Users/yilinwu/Desktop/Yilin-Honours/Subject/Traj/2025/07/22/HW/HW_tBBT31.csv,0,0.96,
07/22/HW,right,/Users/yilinwu/Desktop/Yilin-Honours/Subject/Traj/2025/07/22/HW/HW_tBBT31.csv,1,0.765,
07/22/HW,right,/Users/yilinwu/Desktop/Yilin-Honours/Subject/Traj/2025/07/22/HW/HW_tBBT31.csv,2,0.845,
07/22/HW,right,/Users/yilinwu/Desktop/Yilin-Honours/Subject/Traj/2025/07/22/HW/HW_tBBT31.csv,3,0.835,
07/22/HW,right,/Users/yilinwu/Desktop/Yilin-Honours/Subject/Traj/2025/07/22/HW/HW_tBBT31.csv,4,0.8250000000000001,
07/22/HW,right,/Users/yilinwu/Desktop/Yilin-Honours/Subject/Traj/2025/07/22/HW/HW_tBBT31.csv,5,0.785,
07/22/HW,right,/Users/yilinwu/Desktop/Yilin-Honours/Subject/Traj/2025/07/22/HW/HW_tBBT31.csv,6,0.72,
07/22/HW,right,/Users/yilinwu/Desktop/Yilin-Honours/Subject/Traj/2025/07/22/HW/HW_tBBT31.csv,7,0.8200000000000001,
07/22/HW,right,/Users/yilinwu/Desktop/Yilin-Honours/Subject/Traj/2025/07/22/HW/HW_tBBT31.csv,8,0.795,
07/22/HW,right,/Users/yilinwu/Desktop/Yilin-Honours/Subject/Traj/2025/07/22/HW/HW_tBBT31.csv,9,0.88,
07/22/HW,right,/Users/yilinwu/Desktop/Yilin-Honours/Subject/Traj/2025/07/22/HW/HW_tBBT31.csv,10,0.8250000000000001,
07/22/HW,right,/Users/yilinwu/Desktop/Yilin-Honours/Subject/Traj/2025/07/22/HW/HW_tBBT31.csv,11,0.775,
07/22/HW,right,/Users/yilinwu/Desktop/Yilin-Honours/Subject/Traj/2025/07/22/HW/HW_tBBT31.csv,12,0.785,
07/22/HW,right,/Users/yilinwu/Desktop/Yilin-Honours/Subject/Traj/2025/07/22/HW/HW_tBBT31.csv,13,0.865,
07/22/HW,right,/Users/yilinwu/Desktop/Yilin-Honours/Subject/Traj/2025/07/22/HW/HW_tBBT31.csv,14,0.88,
07/22/HW,right,/Users/yilinwu/Desktop/Yilin-Honours/Subject/Traj/2025/07/22/HW/HW_tBBT31.csv,15,0.8300000000000001,
07/22/HW,right,/Users/yilinwu/Desktop/Yilin-Honours/Subject/Traj/2025/07/22/HW/HW_tBBT33.csv,0,0.93,
07/22/HW,right,/Users/yilinwu/Desktop/Yilin-Honours/Subject/Traj/2025/07/22/HW/HW_tBBT33.csv,1,0.92,
07/22/HW,right,/Users/yilinwu/Desktop/Yilin-Honours/Subject/Traj/2025/07/22/HW/HW_tBBT33.csv,2,0.84,
07/22/HW,right,/Users/yilinwu/Desktop/Yilin-Honours/Subject/Traj/2025/07/22/HW/HW_tBBT33.csv,3,0.865,
07/22/HW,right,/Users/yilinwu/Desktop/Yilin-Honours/Subject/Traj/2025/07/22/HW/HW_tBBT33.csv,4,0.88,
07/22/HW,right,/Users/yilinwu/Desktop/Yilin-Honours/Subject/Traj/2025/07/22/HW/HW_tBBT33.csv,5,0.875,
07/22/HW,right,/Users/yilinwu/Desktop/Yilin-Honours/Subject/Traj/2025/07/22/HW/HW_tBBT33.csv,6,0.915,
07/22/HW,right,/Users/yilinwu/Desktop/Yilin-Honours/Subject/Traj/2025/07/22/HW/HW_tBBT33.csv,7,0.81,
07/22/HW,right,/Users/yilinwu/Desktop/Yilin-Honours/Subject/Traj/2025/07/22/HW/HW_tBBT33.csv,8,0.795,
07/22/HW,right,/Users/yilinwu/Desktop/Yilin-Honours/Subject/Traj/2025/07/22/HW/HW_tBBT33.csv,9,0.97,
07/22/HW,right,/Users/yilinwu/Desktop/Yilin-Honours/Subject/Traj/2025/07/22/HW/HW_tBBT33.csv,10,0.84,
07/22/HW,right,/Users/yilinwu/Desktop/Yilin-Honours/Subject/Traj/2025/07/22/HW/HW_tBBT33.csv,11,0.875,
07/22/HW,right,/Users/yilinwu/Desktop/Yilin-Honours/Subject/Traj/2025/07/22/HW/HW_tBBT33.csv,12,0.9500000000000001,
07/22/HW,right,/Users/yilinwu/Desktop/Yilin-Honours/Subject/Traj/2025/07/22/HW/HW_tBBT33.csv,13,0.735,
07/22/HW,right,/Users/yilinwu/Desktop/Yilin-Honours/Subject/Traj/2025/07/22/HW/HW_tBBT33.csv,14,0.98,
07/22/HW,right,/Users/yilinwu/Desktop/Yilin-Honours/Subject/Traj/2025/07/22/HW/HW_tBBT33.csv,15,1.06,
07/22/HW,right,/Users/yilinwu/Desktop/Yilin-Honours/Subject/Traj/2025/07/22/HW/HW_tBBT35.csv,0,0.72,
07/22/HW,right,/Users/yilinwu/Desktop/Yilin-Honours/Subject/Traj/2025/07/22/HW/HW_tBBT35.csv,1,0.68,
07/22/HW,right,/Users/yilinwu/Desktop/Yilin-Honours/Subject/Traj/2025/07/22/HW/HW_tBBT35.csv,2,0.8250000000000001,
07/22/HW,right,/Users/yilinwu/Desktop/Yilin-Honours/Subject/Traj/2025/07/22/HW/HW_tBBT35.csv,3,0.885,
07/22/HW,right,/Users/yilinwu/Desktop/Yilin-Honours/Subject/Traj/2025/07/22/HW/HW_tBBT35.csv,4,0.9400000000000001,
07/22/HW,right,/Users/yilinwu/Desktop/Yilin-Honours/Subject/Traj/2025/07/22/HW/HW_tBBT35.csv,5,0.715,
07/22/HW,right,/Users/yilinwu/Desktop/Yilin-Honours/Subject/Traj/2025/07/22/HW/HW_tBBT35.csv,6,0.865,
07/22/HW,right,/Users/yilinwu/Desktop/Yilin-Honours/Subject/Traj/2025/07/22/HW/HW_tBBT35.csv,7,0.9,
07/22/HW,right,/Users/yilinwu/Desktop/Yilin-Honours/Subject/Traj/2025/07/22/HW/HW_tBBT35.csv,8,0.99,
07/22/HW,right,/Users/yilinwu/Desktop/Yilin-Honours/Subject/Traj/2025/07/22/HW/HW_tBBT35.csv,9,0.875,
07/22/HW,right,/Users/yilinwu/Desktop/Yilin-Honours/Subject/Traj/2025/07/22/HW/HW_tBBT35.csv,10,0.77,
07/22/HW,right,/Users/yilinwu/Desktop/Yilin-Honours/Subject/Traj/2025/07/22/HW/HW_tBBT35.csv,11,0.86,
07/22/HW,right,/Users/yilinwu/Desktop/Yilin-Honours/Subject/Traj/2025/07/22/HW/HW_tBBT35.csv,12,0.89,
07/22/HW,right,/Users/yilinwu/Desktop/Yilin-Honours/Subject/Traj/2025/07/22/HW/HW_tBBT35.csv,13,1.0,
07/22/HW,right,/Users/yilinwu/Desktop/Yilin-Honours/Subject/Traj/2025/07/22/HW/HW_tBBT35.csv,14,0.89,
07/22/HW,right,/Users/yilinwu/Desktop/Yilin-Honours/Subject/Traj/2025/07/22/HW/HW_tBBT35.csv,15,0.865,
07/22/HW,right,/Users/yilinwu/Desktop/Yilin-Honours/Subject/Traj/2025/07/22/HW/HW_tBBT37.csv,0,0.895,
07/22/HW,right,/Users/yilinwu/Desktop/Yilin-Honours/Subject/Traj/2025/07/22/HW/HW_tBBT37.csv,1,1.0,
07/22/HW,right,/Users/yilinwu/Desktop/Yilin-Honours/Subject/Traj/2025/07/22/HW/HW_tBBT37.csv,2,0.925,
07/22/HW,right,/Users/yilinwu/Desktop/Yilin-Honours/Subject/Traj/2025/07/22/HW/HW_tBBT37.csv,3,0.985,
07/22/HW,right,/Users/yilinwu/Desktop/Yilin-Honours/Subject/Traj/2025/07/22/HW/HW_tBBT37.csv,4,1.06,
07/22/HW,right,/Users/yilinwu/Desktop/Yilin-Honours/Subject/Traj/2025/07/22/HW/HW_tBBT37.csv,5,1.0050000000000001,
07/22/HW,right,/Users/yilinwu/Desktop/Yilin-Honours/Subject/Traj/2025/07/22/HW/HW_tBBT37.csv,6,0.935,
07/22/HW,right,/Users/yilinwu/Desktop/Yilin-Honours/Subject/Traj/2025/07/22/HW/HW_tBBT37.csv,7,0.925,
07/22/HW,right,/Users/yilinwu/Desktop/Yilin-Honours/Subject/Traj/2025/07/22/HW/HW_tBBT37.csv,8,0.935,
07/22/HW,right,/Users/yilinwu/Desktop/Yilin-Honours/Subject/Traj/2025/07/22/HW/HW_tBBT37.csv,9,0.915,
07/22/HW,right,/Users/yilinwu/Desktop/Yilin-Honours/Subject/Traj/2025/07/22/HW/HW_tBBT37.csv,10,0.96,
07/22/HW,right,/Users/yilinwu/Desktop/Yilin-Honours/Subject/Traj/2025/07/22/HW/HW_tBBT37.csv,11,0.89,
07/22/HW,right,/Users/yilinwu/Desktop/Yilin-Honours/Subject/Traj/2025/07/22/HW/HW_tBBT37.csv,12,1.135,
07/22/HW,right,/Users/yilinwu/Desktop/Yilin-Honours/Subject/Traj/2025/07/22/HW/HW_tBBT37.csv,13,0.895,
07/22/HW,right,/Users/yilinwu/Desktop/Yilin-Honours/Subject/Traj/2025/07/22/HW/HW_tBBT37.csv,14,0.92,
07/22/HW,right,/Users/yilinwu/Desktop/Yilin-Honours/Subject/Traj/2025/07/22/HW/HW_tBBT37.csv,15,0.985,
07/22/HW,right,/Users/yilinwu/Desktop/Yilin-Honours/Subject/Traj/2025/07/22/HW/HW_tBBT39.csv,0,0.845,
07/22/HW,right,/Users/yilinwu/Desktop/Yilin-Honours/Subject/Traj/2025/07/22/HW/HW_tBBT39.csv,1,0.785,
07/22/HW,right,/Users/yilinwu/Desktop/Yilin-Honours/Subject/Traj/2025/07/22/HW/HW_tBBT39.csv,2,0.855,
07/22/HW,right,/Users/yilinwu/Desktop/Yilin-Honours/Subject/Traj/2025/07/22/HW/HW_tBBT39.csv,3,0.865,
07/22/HW,right,/Users/yilinwu/Desktop/Yilin-Honours/Subject/Traj/2025/07/22/HW/HW_tBBT39.csv,4,0.935,
07/22/HW,right,/Users/yilinwu/Desktop/Yilin-Honours/Subject/Traj/2025/07/22/HW/HW_tBBT39.csv,5,0.735,
07/22/HW,right,/Users/yilinwu/Desktop/Yilin-Honours/Subject/Traj/2025/07/22/HW/HW_tBBT39.csv,6,0.795,
07/22/HW,right,/Users/yilinwu/Desktop/Yilin-Honours/Subject/Traj/2025/07/22/HW/HW_tBBT39.csv,7,0.805,
07/22/HW,right,/Users/yilinwu/Desktop/Yilin-Honours/Subject/Traj/2025/07/22/HW/HW_tBBT39.csv,8,0.905,
07/22/HW,right,/Users/yilinwu/Desktop/Yilin-Honours/Subject/Traj/2025/07/22/HW/HW_tBBT39.csv,9,0.8150000000000001,
07/22/HW,right,/Users/yilinwu/Desktop/Yilin-Honours/Subject/Traj/2025/07/22/HW/HW_tBBT39.csv,10,0.905,
07/22/HW,right,/Users/yilinwu/Desktop/Yilin-Honours/Subject/Traj/2025/07/22/HW/HW_tBBT39.csv,11,0.84,
07/22/HW,right,/Users/yilinwu/Desktop/Yilin-Honours/Subject/Traj/2025/07/22/HW/HW_tBBT39.csv,12,1.035,
07/22/HW,right,/Users/yilinwu/Desktop/Yilin-Honours/Subject/Traj/2025/07/22/HW/HW_tBBT39.csv,13,0.855,
07/22/HW,right,/Users/yilinwu/Desktop/Yilin-Honours/Subject/Traj/2025/07/22/HW/HW_tBBT39.csv,14,0.8200000000000001,
07/22/HW,right,/Users/yilinwu/Desktop/Yilin-Honours/Subject/Traj/2025/07/22/HW/HW_tBBT39.csv,15,0.865,
07/22/HW,right,/Users/yilinwu/Desktop/Yilin-Honours/Subject/Traj/2025/07/22/HW/HW_tBBT41.csv,0,0.77,
07/22/HW,right,/Users/yilinwu/Desktop/Yilin-Honours/Subject/Traj/2025/07/22/HW/HW_tBBT41.csv,1,0.85,
07/22/HW,right,/Users/yilinwu/Desktop/Yilin-Honours/Subject/Traj/2025/07/22/HW/HW_tBBT41.csv,2,0.905,
07/22/HW,right,/Users/yilinwu/Desktop/Yilin-Honours/Subject/Traj/2025/07/22/HW/HW_tBBT41.csv,3,0.8200000000000001,
07/22/HW,right,/Users/yilinwu/Desktop/Yilin-Honours/Subject/Traj/2025/07/22/HW/HW_tBBT41.csv,4,0.9400000000000001,
07/22/HW,right,/Users/yilinwu/Desktop/Yilin-Honours/Subject/Traj/2025/07/22/HW/HW_tBBT41.csv,5,0.875,
07/22/HW,right,/Users/yilinwu/Desktop/Yilin-Honours/Subject/Traj/2025/07/22/HW/HW_tBBT41.csv,6,0.9450000000000001,
07/22/HW,right,/Users/yilinwu/Desktop/Yilin-Honours/Subject/Traj/2025/07/22/HW/HW_tBBT41.csv,7,0.86,
07/22/HW,right,/Users/yilinwu/Desktop/Yilin-Honours/Subject/Traj/2025/07/22/HW/HW_tBBT41.csv,8,0.915,
07/22/HW,right,/Users/yilinwu/Desktop/Yilin-Honours/Subject/Traj/2025/07/22/HW/HW_tBBT41.csv,9,0.77,
07/22/HW,right,/Users/yilinwu/Desktop/Yilin-Honours/Subject/Traj/2025/07/22/HW/HW_tBBT41.csv,10,0.895,
07/22/HW,right,/Users/yilinwu/Desktop/Yilin-Honours/Subject/Traj/2025/07/22/HW/HW_tBBT41.csv,11,1.085,
07/22/HW,right,/Users/yilinwu/Desktop/Yilin-Honours/Subject/Traj/2025/07/22/HW/HW_tBBT41.csv,12,0.865,
07/22/HW,right,/Users/yilinwu/Desktop/Yilin-Honours/Subject/Traj/2025/07/22/HW/HW_tBBT41.csv,13,0.915,
07/22/HW,right,/Users/yilinwu/Desktop/Yilin-Honours/Subject/Traj/2025/07/22/HW/HW_tBBT41.csv,14,0.835,
07/22/HW,right,/Users/yilinwu/Desktop/Yilin-Honours/Subject/Traj/2025/07/22/HW/HW_tBBT41.csv,15,0.88,
07/22/HW,right,/Users/yilinwu/Desktop/Yilin-Honours/Subject/Traj/2025/07/22/HW/HW_tBBT43.csv,0,0.685,
07/22/HW,right,/Users/yilinwu/Desktop/Yilin-Honours/Subject/Traj/2025/07/22/HW/HW_tBBT43.csv,1,0.64,
07/22/HW,right,/Users/yilinwu/Desktop/Yilin-Honours/Subject/Traj/2025/07/22/HW/HW_tBBT43.csv,2,0.725,
07/22/HW,right,/Users/yilinwu/Desktop/Yilin-Honours/Subject/Traj/2025/07/22/HW/HW_tBBT43.csv,3,0.75,
07/22/HW,right,/Users/yilinwu/Desktop/Yilin-Honours/Subject/Traj/2025/07/22/HW/HW_tBBT43.csv,4,0.8200000000000001,
07/22/HW,right,/Users/yilinwu/Desktop/Yilin-Honours/Subject/Traj/2025/07/22/HW/HW_tBBT43.csv,5,0.8150000000000001,
07/22/HW,right,/Users/yilinwu/Desktop/Yilin-Honours/Subject/Traj/2025/07/22/HW/HW_tBBT43.csv,6,0.765,
07/22/HW,right,/Users/yilinwu/Desktop/Yilin-Honours/Subject/Traj/2025/07/22/HW/HW_tBBT43.csv,7,0.715,
07/22/HW,right,/Users/yilinwu/Desktop/Yilin-Honours/Subject/Traj/2025/07/22/HW/HW_tBBT43.csv,8,0.72,
07/22/HW,right,/Users/yilinwu/Desktop/Yilin-Honours/Subject/Traj/2025/07/22/HW/HW_tBBT43.csv,9,0.755,
07/22/HW,right,/Users/yilinwu/Desktop/Yilin-Honours/Subject/Traj/2025/07/22/HW/HW_tBBT43.csv,10,0.75,
07/22/HW,right,/Users/yilinwu/Desktop/Yilin-Honours/Subject/Traj/2025/07/22/HW/HW_tBBT43.csv,11,0.74,
07/22/HW,right,/Users/yilinwu/Desktop/Yilin-Honours/Subject/Traj/2025/07/22/HW/HW_tBBT43.csv,12,0.805,
07/22/HW,right,/Users/yilinwu/Desktop/Yilin-Honours/Subject/Traj/2025/07/22/HW/HW_tBBT43.csv,13,0.775,
07/22/HW,right,/Users/yilinwu/Desktop/Yilin-Honours/Subject/Traj/2025/07/22/HW/HW_tBBT43.csv,14,0.77,
07/22/HW,right,/Users/yilinwu/Desktop/Yilin-Honours/Subject/Traj/2025/07/22/HW/HW_tBBT43.csv,15,0.8250000000000001,
07/22/HW,right,/Users/yilinwu/Desktop/Yilin-Honours/Subject/Traj/2025/07/22/HW/HW_tBBT45.csv,0,0.6950000000000001,
07/22/HW,right,/Users/yilinwu/Desktop/Yilin-Honours/Subject/Traj/2025/07/22/HW/HW_tBBT45.csv,1,0.8,
07/22/HW,right,/Users/yilinwu/Desktop/Yilin-Honours/Subject/Traj/2025/07/22/HW/HW_tBBT45.csv,2,0.715,
07/22/HW,right,/Users/yilinwu/Desktop/Yilin-Honours/Subject/Traj/2025/07/22/HW/HW_tBBT45.csv,3,0.8,
07/22/HW,right,/Users/yilinwu/Desktop/Yilin-Honours/Subject/Traj/2025/07/22/HW/HW_tBBT45.csv,4,0.855,
07/22/HW,right,/Users/yilinwu/Desktop/Yilin-Honours/Subject/Traj/2025/07/22/HW/HW_tBBT45.csv,5,0.8300000000000001,
07/22/HW,right,/Users/yilinwu/Desktop/Yilin-Honours/Subject/Traj/2025/07/22/HW/HW_tBBT45.csv,6,0.79,
07/22/HW,right,/Users/yilinwu/Desktop/Yilin-Honours/Subject/Traj/2025/07/22/HW/HW_tBBT45.csv,7,0.88,
07/22/HW,right,/Users/yilinwu/Desktop/Yilin-Honours/Subject/Traj/2025/07/22/HW/HW_tBBT45.csv,8,0.84,
07/22/HW,right,/Users/yilinwu/Desktop/Yilin-Honours/Subject/Traj/2025/07/22/HW/HW_tBBT45.csv,9,0.725,
07/22/HW,right,/Users/yilinwu/Desktop/Yilin-Honours/Subject/Traj/2025/07/22/HW/HW_tBBT45.csv,10,0.8,
07/22/HW,right,/Users/yilinwu/Desktop/Yilin-Honours/Subject/Traj/2025/07/22/HW/HW_tBBT45.csv,11,0.8250000000000001,
07/22/HW,right,/Users/yilinwu/Desktop/Yilin-Honours/Subject/Traj/2025/07/22/HW/HW_tBBT45.csv,12,0.87,
07/22/HW,right,/Users/yilinwu/Desktop/Yilin-Honours/Subject/Traj/2025/07/22/HW/HW_tBBT45.csv,13,0.795,
07/22/HW,right,/Users/yilinwu/Desktop/Yilin-Honours/Subject/Traj/2025/07/22/HW/HW_tBBT45.csv,14,0.76,
07/22/HW,right,/Users/yilinwu/Desktop/Yilin-Honours/Subject/Traj/2025/07/22/HW/HW_tBBT45.csv,15,0.81,
07/22/HW,right,/Users/yilinwu/Desktop/Yilin-Honours/Subject/Traj/2025/07/22/HW/HW_tBBT47.csv,0,0.5650000000000001,
07/22/HW,right,/Users/yilinwu/Desktop/Yilin-Honours/Subject/Traj/2025/07/22/HW/HW_tBBT47.csv,1,0.635,
07/22/HW,right,/Users/yilinwu/Desktop/Yilin-Honours/Subject/Traj/2025/07/22/HW/HW_tBBT47.csv,2,0.58,
07/22/HW,right,/Users/yilinwu/Desktop/Yilin-Honours/Subject/Traj/2025/07/22/HW/HW_tBBT47.csv,3,0.605,
07/22/HW,right,/Users/yilinwu/Desktop/Yilin-Honours/Subject/Traj/2025/07/22/HW/HW_tBBT47.csv,4,0.665,
07/22/HW,right,/Users/yilinwu/Desktop/Yilin-Honours/Subject/Traj/2025/07/22/HW/HW_tBBT47.csv,5,0.58,
07/22/HW,right,/Users/yilinwu/Desktop/Yilin-Honours/Subject/Traj/2025/07/22/HW/HW_tBBT47.csv,6,0.5650000000000001,
07/22/HW,right,/Users/yilinwu/Desktop/Yilin-Honours/Subject/Traj/2025/07/22/HW/HW_tBBT47.csv,7,0.58,
07/22/HW,right,/Users/yilinwu/Desktop/Yilin-Honours/Subject/Traj/2025/07/22/HW/HW_tBBT47.csv,8,0.68,
07/22/HW,right,/Users/yilinwu/Desktop/Yilin-Honours/Subject/Traj/2025/07/22/HW/HW_tBBT47.csv,9,0.585,
07/22/HW,right,/Users/yilinwu/Desktop/Yilin-Honours/Subject/Traj/2025/07/22/HW/HW_tBBT47.csv,10,0.62,
07/22/HW,right,/Users/yilinwu/Desktop/Yilin-Honours/Subject/Traj/2025/07/22/HW/HW_tBBT47.csv,11,0.6,
07/22/HW,right,/Users/yilinwu/Desktop/Yilin-Honours/Subject/Traj/2025/07/22/HW/HW_tBBT47.csv,12,0.675,
07/22/HW,right,/Users/yilinwu/Desktop/Yilin-Honours/Subject/Traj/2025/07/22/HW/HW_tBBT47.csv,13,0.63,
07/22/HW,right,/Users/yilinwu/Desktop/Yilin-Honours/Subject/Traj/2025/07/22/HW/HW_tBBT47.csv,14,0.635,
07/22/HW,right,/Users/yilinwu/Desktop/Yilin-Honours/Subject/Traj/2025/07/22/HW/HW_tBBT47.csv,15,0.685,
07/22/HW,right,/Users/yilinwu/Desktop/Yilin-Honours/Subject/Traj/2025/07/22/HW/HW_tBBT49.csv,0,0.685,
07/22/HW,right,/Users/yilinwu/Desktop/Yilin-Honours/Subject/Traj/2025/07/22/HW/HW_tBBT49.csv,1,0.63,
07/22/HW,right,/Users/yilinwu/Desktop/Yilin-Honours/Subject/Traj/2025/07/22/HW/HW_tBBT49.csv,2,0.59,
07/22/HW,right,/Users/yilinwu/Desktop/Yilin-Honours/Subject/Traj/2025/07/22/HW/HW_tBBT49.csv,3,0.6,
07/22/HW,right,/Users/yilinwu/Desktop/Yilin-Honours/Subject/Traj/2025/07/22/HW/HW_tBBT49.csv,4,0.64,
07/22/HW,right,/Users/yilinwu/Desktop/Yilin-Honours/Subject/Traj/2025/07/22/HW/HW_tBBT49.csv,5,0.59,
07/22/HW,right,/Users/yilinwu/Desktop/Yilin-Honours/Subject/Traj/2025/07/22/HW/HW_tBBT49.csv,6,0.6,
07/22/HW,right,/Users/yilinwu/Desktop/Yilin-Honours/Subject/Traj/2025/07/22/HW/HW_tBBT49.csv,7,0.685,
07/22/HW,right,/Users/yilinwu/Desktop/Yilin-Honours/Subject/Traj/2025/07/22/HW/HW_tBBT49.csv,8,0.605,
07/22/HW,right,/Users/yilinwu/Desktop/Yilin-Honours/Subject/Traj/2025/07/22/HW/HW_tBBT49.csv,9,0.61,
07/22/HW,right,/Users/yilinwu/Desktop/Yilin-Honours/Subject/Traj/2025/07/22/HW/HW_tBBT49.csv,10,0.76,
07/22/HW,right,/Users/yilinwu/Desktop/Yilin-Honours/Subject/Traj/2025/07/22/HW/HW_tBBT49.csv,11,0.64,
07/22/HW,right,/Users/yilinwu/Desktop/Yilin-Honours/Subject/Traj/2025/07/22/HW/HW_tBBT49.csv,12,0.78,
07/22/HW,right,/Users/yilinwu/Desktop/Yilin-Honours/Subject/Traj/2025/07/22/HW/HW_tBBT49.csv,13,0.665,
07/22/HW,right,/Users/yilinwu/Desktop/Yilin-Honours/Subject/Traj/2025/07/22/HW/HW_tBBT49.csv,14,0.645,
07/22/HW,right,/Users/yilinwu/Desktop/Yilin-Honours/Subject/Traj/2025/07/22/HW/HW_tBBT49.csv,15,0.685,
07/22/HW,right,/Users/yilinwu/Desktop/Yilin-Honours/Subject/Traj/2025/07/22/HW/HW_tBBT51.csv,0,0.765,
07/22/HW,right,/Users/yilinwu/Desktop/Yilin-Honours/Subject/Traj/2025/07/22/HW/HW_tBBT51.csv,1,0.74,
07/22/HW,right,/Users/yilinwu/Desktop/Yilin-Honours/Subject/Traj/2025/07/22/HW/HW_tBBT51.csv,2,0.76,
07/22/HW,right,/Users/yilinwu/Desktop/Yilin-Honours/Subject/Traj/2025/07/22/HW/HW_tBBT51.csv,3,0.725,
07/22/HW,right,/Users/yilinwu/Desktop/Yilin-Honours/Subject/Traj/2025/07/22/HW/HW_tBBT51.csv,4,0.755,
07/22/HW,right,/Users/yilinwu/Desktop/Yilin-Honours/Subject/Traj/2025/07/22/HW/HW_tBBT51.csv,5,0.735,
07/22/HW,right,/Users/yilinwu/Desktop/Yilin-Honours/Subject/Traj/2025/07/22/HW/HW_tBBT51.csv,6,0.745,
07/22/HW,right,/Users/yilinwu/Desktop/Yilin-Honours/Subject/Traj/2025/07/22/HW/HW_tBBT51.csv,7,0.775,
07/22/HW,right,/Users/yilinwu/Desktop/Yilin-Honours/Subject/Traj/2025/07/22/HW/HW_tBBT51.csv,8,0.85,
07/22/HW,right,/Users/yilinwu/Desktop/Yilin-Honours/Subject/Traj/2025/07/22/HW/HW_tBBT51.csv,9,0.795,
07/22/HW,right,/Users/yilinwu/Desktop/Yilin-Honours/Subject/Traj/2025/07/22/HW/HW_tBBT51.csv,10,0.76,
07/22/HW,right,/Users/yilinwu/Desktop/Yilin-Honours/Subject/Traj/2025/07/22/HW/HW_tBBT51.csv,11,0.755,
07/22/HW,right,/Users/yilinwu/Desktop/Yilin-Honours/Subject/Traj/2025/07/22/HW/HW_tBBT51.csv,12,0.895,
07/22/HW,right,/Users/yilinwu/Desktop/Yilin-Honours/Subject/Traj/2025/07/22/HW/HW_tBBT51.csv,13,0.765,
07/22/HW,right,/Users/yilinwu/Desktop/Yilin-Honours/Subject/Traj/2025/07/22/HW/HW_tBBT51.csv,14,0.745,
07/22/HW,right,/Users/yilinwu/Desktop/Yilin-Honours/Subject/Traj/2025/07/22/HW/HW_tBBT51.csv,15,0.8,
07/22/HW,right,/Users/yilinwu/Desktop/Yilin-Honours/Subject/Traj/2025/07/22/HW/HW_tBBT53.csv,0,0.63,
07/22/HW,right,/Users/yilinwu/Desktop/Yilin-Honours/Subject/Traj/2025/07/22/HW/HW_tBBT53.csv,1,0.615,
07/22/HW,right,/Users/yilinwu/Desktop/Yilin-Honours/Subject/Traj/2025/07/22/HW/HW_tBBT53.csv,2,0.635,
07/22/HW,right,/Users/yilinwu/Desktop/Yilin-Honours/Subject/Traj/2025/07/22/HW/HW_tBBT53.csv,3,0.68,
07/22/HW,right,/Users/yilinwu/Desktop/Yilin-Honours/Subject/Traj/2025/07/22/HW/HW_tBBT53.csv,4,0.65,
07/22/HW,right,/Users/yilinwu/Desktop/Yilin-Honours/Subject/Traj/2025/07/22/HW/HW_tBBT53.csv,5,0.66,
07/22/HW,right,/Users/yilinwu/Desktop/Yilin-Honours/Subject/Traj/2025/07/22/HW/HW_tBBT53.csv,6,0.67,
07/22/HW,right,/Users/yilinwu/Desktop/Yilin-Honours/Subject/Traj/2025/07/22/HW/HW_tBBT53.csv,7,0.715,
07/22/HW,right,/Users/yilinwu/Desktop/Yilin-Honours/Subject/Traj/2025/07/22/HW/HW_tBBT53.csv,8,0.67,
07/22/HW,right,/Users/yilinwu/Desktop/Yilin-Honours/Subject/Traj/2025/07/22/HW/HW_tBBT53.csv,9,0.66,
07/22/HW,right,/Users/yilinwu/Desktop/Yilin-Honours/Subject/Traj/2025/07/22/HW/HW_tBBT53.csv,10,0.59,
07/22/HW,right,/Users/yilinwu/Desktop/Yilin-Honours/Subject/Traj/2025/07/22/HW/HW_tBBT53.csv,11,0.675,
07/22/HW,right,/Users/yilinwu/Desktop/Yilin-Honours/Subject/Traj/2025/07/22/HW/HW_tBBT53.csv,12,0.685,
07/22/HW,right,/Users/yilinwu/Desktop/Yilin-Honours/Subject/Traj/2025/07/22/HW/HW_tBBT53.csv,13,0.715,
07/22/HW,right,/Users/yilinwu/Desktop/Yilin-Honours/Subject/Traj/2025/07/22/HW/HW_tBBT53.csv,14,0.66,
07/22/HW,right,/Users/yilinwu/Desktop/Yilin-Honours/Subject/Traj/2025/07/22/HW/HW_tBBT53.csv,15,0.72,
07/22/HW,right,/Users/yilinwu/Desktop/Yilin-Honours/Subject/Traj/2025/07/22/HW/HW_tBBT55.csv,0,0.76,
07/22/HW,right,/Users/yilinwu/Desktop/Yilin-Honours/Subject/Traj/2025/07/22/HW/HW_tBBT55.csv,1,0.63,
07/22/HW,right,/Users/yilinwu/Desktop/Yilin-Honours/Subject/Traj/2025/07/22/HW/HW_tBBT55.csv,2,0.65,
07/22/HW,right,/Users/yilinwu/Desktop/Yilin-Honours/Subject/Traj/2025/07/22/HW/HW_tBBT55.csv,3,0.655,
07/22/HW,right,/Users/yilinwu/Desktop/Yilin-Honours/Subject/Traj/2025/07/22/HW/HW_tBBT55.csv,4,0.725,
07/22/HW,right,/Users/yilinwu/Desktop/Yilin-Honours/Subject/Traj/2025/07/22/HW/HW_tBBT55.csv,5,0.755,
07/22/HW,right,/Users/yilinwu/Desktop/Yilin-Honours/Subject/Traj/2025/07/22/HW/HW_tBBT55.csv,6,0.725,
07/22/HW,right,/Users/yilinwu/Desktop/Yilin-Honours/Subject/Traj/2025/07/22/HW/HW_tBBT55.csv,7,0.715,
07/22/HW,right,/Users/yilinwu/Desktop/Yilin-Honours/Subject/Traj/2025/07/22/HW/HW_tBBT55.csv,8,0.7000000000000001,
07/22/HW,right,/Users/yilinwu/Desktop/Yilin-Honours/Subject/Traj/2025/07/22/HW/HW_tBBT55.csv,9,0.68,
07/22/HW,right,/Users/yilinwu/Desktop/Yilin-Honours/Subject/Traj/2025/07/22/HW/HW_tBBT55.csv,10,0.8,
07/22/HW,right,/Users/yilinwu/Desktop/Yilin-Honours/Subject/Traj/2025/07/22/HW/HW_tBBT55.csv,11,0.765,
07/22/HW,right,/Users/yilinwu/Desktop/Yilin-Honours/Subject/Traj/2025/07/22/HW/HW_tBBT55.csv,12,0.795,
07/22/HW,right,/Users/yilinwu/Desktop/Yilin-Honours/Subject/Traj/2025/07/22/HW/HW_tBBT55.csv,13,0.685,
07/22/HW,right,/Users/yilinwu/Desktop/Yilin-Honours/Subject/Traj/2025/07/22/HW/HW_tBBT55.csv,14,0.665,
07/22/HW,right,/Users/yilinwu/Desktop/Yilin-Honours/Subject/Traj/2025/07/22/HW/HW_tBBT55.csv,15,0.675,
07/22/HW,right,/Users/yilinwu/Desktop/Yilin-Honours/Subject/Traj/2025/07/22/HW/HW_tBBT57.csv,0,0.705,
07/22/HW,right,/Users/yilinwu/Desktop/Yilin-Honours/Subject/Traj/2025/07/22/HW/HW_tBBT57.csv,1,0.675,
07/22/HW,right,/Users/yilinwu/Desktop/Yilin-Honours/Subject/Traj/2025/07/22/HW/HW_tBBT57.csv,2,0.67,
07/22/HW,right,/Users/yilinwu/Desktop/Yilin-Honours/Subject/Traj/2025/07/22/HW/HW_tBBT57.csv,3,0.705,
07/22/HW,right,/Users/yilinwu/Desktop/Yilin-Honours/Subject/Traj/2025/07/22/HW/HW_tBBT57.csv,4,0.81,
07/22/HW,right,/Users/yilinwu/Desktop/Yilin-Honours/Subject/Traj/2025/07/22/HW/HW_tBBT57.csv,5,0.74,
07/22/HW,right,/Users/yilinwu/Desktop/Yilin-Honours/Subject/Traj/2025/07/22/HW/HW_tBBT57.csv,6,0.735,
07/22/HW,right,/Users/yilinwu/Desktop/Yilin-Honours/Subject/Traj/2025/07/22/HW/HW_tBBT57.csv,7,0.75,
07/22/HW,right,/Users/yilinwu/Desktop/Yilin-Honours/Subject/Traj/2025/07/22/HW/HW_tBBT57.csv,8,0.8200000000000001,
07/22/HW,right,/Users/yilinwu/Desktop/Yilin-Honours/Subject/Traj/2025/07/22/HW/HW_tBBT57.csv,9,0.8200000000000001,
07/22/HW,right,/Users/yilinwu/Desktop/Yilin-Honours/Subject/Traj/2025/07/22/HW/HW_tBBT57.csv,10,0.745,
07/22/HW,right,/Users/yilinwu/Desktop/Yilin-Honours/Subject/Traj/2025/07/22/HW/HW_tBBT57.csv,11,0.74,
07/22/HW,right,/Users/yilinwu/Desktop/Yilin-Honours/Subject/Traj/2025/07/22/HW/HW_tBBT57.csv,12,0.915,
07/22/HW,right,/Users/yilinwu/Desktop/Yilin-Honours/Subject/Traj/2025/07/22/HW/HW_tBBT57.csv,13,0.7000000000000001,
07/22/HW,right,/Users/yilinwu/Desktop/Yilin-Honours/Subject/Traj/2025/07/22/HW/HW_tBBT57.csv,14,0.79,
07/22/HW,right,/Users/yilinwu/Desktop/Yilin-Honours/Subject/Traj/2025/07/22/HW/HW_tBBT57.csv,15,0.79,
07/22/HW,right,/Users/yilinwu/Desktop/Yilin-Honours/Subject/Traj/2025/07/22/HW/HW_tBBT59.csv,0,0.805,
07/22/HW,right,/Users/yilinwu/Desktop/Yilin-Honours/Subject/Traj/2025/07/22/HW/HW_tBBT59.csv,1,0.665,
07/22/HW,right,/Users/yilinwu/Desktop/Yilin-Honours/Subject/Traj/2025/07/22/HW/HW_tBBT59.csv,2,0.68,
07/22/HW,right,/Users/yilinwu/Desktop/Yilin-Honours/Subject/Traj/2025/07/22/HW/HW_tBBT59.csv,3,0.8250000000000001,
07/22/HW,right,/Users/yilinwu/Desktop/Yilin-Honours/Subject/Traj/2025/07/22/HW/HW_tBBT59.csv,4,0.685,
07/22/HW,right,/Users/yilinwu/Desktop/Yilin-Honours/Subject/Traj/2025/07/22/HW/HW_tBBT59.csv,5,0.85,
07/22/HW,right,/Users/yilinwu/Desktop/Yilin-Honours/Subject/Traj/2025/07/22/HW/HW_tBBT59.csv,6,0.67,
07/22/HW,right,/Users/yilinwu/Desktop/Yilin-Honours/Subject/Traj/2025/07/22/HW/HW_tBBT59.csv,7,0.795,
07/22/HW,right,/Users/yilinwu/Desktop/Yilin-Honours/Subject/Traj/2025/07/22/HW/HW_tBBT59.csv,8,0.8300000000000001,
07/22/HW,right,/Users/yilinwu/Desktop/Yilin-Honours/Subject/Traj/2025/07/22/HW/HW_tBBT59.csv,9,0.75,
07/22/HW,right,/Users/yilinwu/Desktop/Yilin-Honours/Subject/Traj/2025/07/22/HW/HW_tBBT59.csv,10,0.705,
07/22/HW,right,/Users/yilinwu/Desktop/Yilin-Honours/Subject/Traj/2025/07/22/HW/HW_tBBT59.csv,11,0.76,
07/22/HW,right,/Users/yilinwu/Desktop/Yilin-Honours/Subject/Traj/2025/07/22/HW/HW_tBBT59.csv,12,0.85,
07/22/HW,right,/Users/yilinwu/Desktop/Yilin-Honours/Subject/Traj/2025/07/22/HW/HW_tBBT59.csv,13,0.935,
07/22/HW,right,/Users/yilinwu/Desktop/Yilin-Honours/Subject/Traj/2025/07/22/HW/HW_tBBT59.csv,14,0.79,
07/22/HW,right,/Users/yilinwu/Desktop/Yilin-Honours/Subject/Traj/2025/07/22/HW/HW_tBBT59.csv,15,0.87,
07/22/HW,right,/Users/yilinwu/Desktop/Yilin-Honours/Subject/Traj/2025/07/22/HW/HW_tBBT61.csv,0,0.75,
07/22/HW,right,/Users/yilinwu/Desktop/Yilin-Honours/Subject/Traj/2025/07/22/HW/HW_tBBT61.csv,1,0.685,
07/22/HW,right,/Users/yilinwu/Desktop/Yilin-Honours/Subject/Traj/2025/07/22/HW/HW_tBBT61.csv,2,0.72,
07/22/HW,right,/Users/yilinwu/Desktop/Yilin-Honours/Subject/Traj/2025/07/22/HW/HW_tBBT61.csv,3,0.8300000000000001,
07/22/HW,right,/Users/yilinwu/Desktop/Yilin-Honours/Subject/Traj/2025/07/22/HW/HW_tBBT61.csv,4,0.805,
07/22/HW,right,/Users/yilinwu/Desktop/Yilin-Honours/Subject/Traj/2025/07/22/HW/HW_tBBT61.csv,5,0.76,
07/22/HW,right,/Users/yilinwu/Desktop/Yilin-Honours/Subject/Traj/2025/07/22/HW/HW_tBBT61.csv,6,0.72,
07/22/HW,right,/Users/yilinwu/Desktop/Yilin-Honours/Subject/Traj/2025/07/22/HW/HW_tBBT61.csv,7,0.765,
07/22/HW,right,/Users/yilinwu/Desktop/Yilin-Honours/Subject/Traj/2025/07/22/HW/HW_tBBT61.csv,8,0.805,
07/22/HW,right,/Users/yilinwu/Desktop/Yilin-Honours/Subject/Traj/2025/07/22/HW/HW_tBBT61.csv,9,0.6900000000000001,
07/22/HW,right,/Users/yilinwu/Desktop/Yilin-Honours/Subject/Traj/2025/07/22/HW/HW_tBBT61.csv,10,0.715,
07/22/HW,right,/Users/yilinwu/Desktop/Yilin-Honours/Subject/Traj/2025/07/22/HW/HW_tBBT61.csv,11,0.715,
07/22/HW,right,/Users/yilinwu/Desktop/Yilin-Honours/Subject/Traj/2025/07/22/HW/HW_tBBT61.csv,12,0.89,
07/22/HW,right,/Users/yilinwu/Desktop/Yilin-Honours/Subject/Traj/2025/07/22/HW/HW_tBBT61.csv,13,0.72,
07/22/HW,right,/Users/yilinwu/Desktop/Yilin-Honours/Subject/Traj/2025/07/22/HW/HW_tBBT61.csv,14,0.73,
07/22/HW,right,/Users/yilinwu/Desktop/Yilin-Honours/Subject/Traj/2025/07/22/HW/HW_tBBT61.csv,15,0.835,
07/22/HW,right,/Users/yilinwu/Desktop/Yilin-Honours/Subject/Traj/2025/07/22/HW/HW_tBBT63.csv,0,0.78,
07/22/HW,right,/Users/yilinwu/Desktop/Yilin-Honours/Subject/Traj/2025/07/22/HW/HW_tBBT63.csv,1,0.685,
07/22/HW,right,/Users/yilinwu/Desktop/Yilin-Honours/Subject/Traj/2025/07/22/HW/HW_tBBT63.csv,2,0.725,
07/22/HW,right,/Users/yilinwu/Desktop/Yilin-Honours/Subject/Traj/2025/07/22/HW/HW_tBBT63.csv,3,0.755,
07/22/HW,right,/Users/yilinwu/Desktop/Yilin-Honours/Subject/Traj/2025/07/22/HW/HW_tBBT63.csv,4,0.895,
07/22/HW,right,/Users/yilinwu/Desktop/Yilin-Honours/Subject/Traj/2025/07/22/HW/HW_tBBT63.csv,5,0.735,
07/22/HW,right,/Users/yilinwu/Desktop/Yilin-Honours/Subject/Traj/2025/07/22/HW/HW_tBBT63.csv,6,0.8300000000000001,
07/22/HW,right,/Users/yilinwu/Desktop/Yilin-Honours/Subject/Traj/2025/07/22/HW/HW_tBBT63.csv,7,0.85,
07/22/HW,right,/Users/yilinwu/Desktop/Yilin-Honours/Subject/Traj/2025/07/22/HW/HW_tBBT63.csv,8,0.865,
07/22/HW,right,/Users/yilinwu/Desktop/Yilin-Honours/Subject/Traj/2025/07/22/HW/HW_tBBT63.csv,9,0.6900000000000001,
07/22/HW,right,/Users/yilinwu/Desktop/Yilin-Honours/Subject/Traj/2025/07/22/HW/HW_tBBT63.csv,10,0.685,
07/22/HW,right,/Users/yilinwu/Desktop/Yilin-Honours/Subject/Traj/2025/07/22/HW/HW_tBBT63.csv,11,0.84,
07/22/HW,right,/Users/yilinwu/Desktop/Yilin-Honours/Subject/Traj/2025/07/22/HW/HW_tBBT63.csv,12,0.835,
07/22/HW,right,/Users/yilinwu/Desktop/Yilin-Honours/Subject/Traj/2025/07/22/HW/HW_tBBT63.csv,13,0.765,
07/22/HW,right,/Users/yilinwu/Desktop/Yilin-Honours/Subject/Traj/2025/07/22/HW/HW_tBBT63.csv,14,0.79,
07/22/HW,right,/Users/yilinwu/Desktop/Yilin-Honours/Subject/Traj/2025/07/22/HW/HW_tBBT63.csv,15,0.985,
07/22/HW,right,/Users/yilinwu/Desktop/Yilin-Honours/Subject/Traj/2025/07/22/HW/HW_tBBT65.csv,0,0.785,
07/22/HW,right,/Users/yilinwu/Desktop/Yilin-Honours/Subject/Traj/2025/07/22/HW/HW_tBBT65.csv,1,0.685,
07/22/HW,right,/Users/yilinwu/Desktop/Yilin-Honours/Subject/Traj/2025/07/22/HW/HW_tBBT65.csv,2,0.74,
07/22/HW,right,/Users/yilinwu/Desktop/Yilin-Honours/Subject/Traj/2025/07/22/HW/HW_tBBT65.csv,3,0.72,
07/22/HW,right,/Users/yilinwu/Desktop/Yilin-Honours/Subject/Traj/2025/07/22/HW/HW_tBBT65.csv,4,0.715,
07/22/HW,right,/Users/yilinwu/Desktop/Yilin-Honours/Subject/Traj/2025/07/22/HW/HW_tBBT65.csv,5,0.725,
07/22/HW,right,/Users/yilinwu/Desktop/Yilin-Honours/Subject/Traj/2025/07/22/HW/HW_tBBT65.csv,6,0.785,
07/22/HW,right,/Users/yilinwu/Desktop/Yilin-Honours/Subject/Traj/2025/07/22/HW/HW_tBBT65.csv,7,0.725,
07/22/HW,right,/Users/yilinwu/Desktop/Yilin-Honours/Subject/Traj/2025/07/22/HW/HW_tBBT65.csv,8,0.75,
07/22/HW,right,/Users/yilinwu/Desktop/Yilin-Honours/Subject/Traj/2025/07/22/HW/HW_tBBT65.csv,9,0.74,
07/22/HW,right,/Users/yilinwu/Desktop/Yilin-Honours/Subject/Traj/2025/07/22/HW/HW_tBBT65.csv,10,0.6950000000000001,
07/22/HW,right,/Users/yilinwu/Desktop/Yilin-Honours/Subject/Traj/2025/07/22/HW/HW_tBBT65.csv,11,0.745,
07/22/HW,right,/Users/yilinwu/Desktop/Yilin-Honours/Subject/Traj/2025/07/22/HW/HW_tBBT65.csv,12,1.105,
07/22/HW,right,/Users/yilinwu/Desktop/Yilin-Honours/Subject/Traj/2025/07/22/HW/HW_tBBT65.csv,13,0.77,
07/22/HW,right,/Users/yilinwu/Desktop/Yilin-Honours/Subject/Traj/2025/07/22/HW/HW_tBBT65.csv,14,0.8200000000000001,
07/22/HW,right,/Users/yilinwu/Desktop/Yilin-Honours/Subject/Traj/2025/07/22/HW/HW_tBBT65.csv,15,0.8300000000000001,
